id,
221710764,
66473048,
130152060,
16096416,
34235414,
17362671,
559966554,
295557087,
366039639,
2177831713,
2152219563,
2830179367,
1856932345,
571765786,
19976004,
96945328,
1571358684,
1449080941,
397935979,
467393245,
248157006,
87162538,
23302233,
2585313152,
3325318822,
1089103237,
99846669,
286175365,
1418562996,
20696007,
15838516,
32469366,
156197800,
2990172255,
3322827369,
582153021,
1272513223,
1612678454,
3039885592,
3341434445,
1322170292,
50627348,
22908078,
3353186908,
1454403836,
324016931,
946507549,
2654405335,
3370294923,
2362933446,
14358627,
420860004,
104800253,
289534229,
52069934,
343922256,
199314444,
197558551,
3239402236,
1018120640,
875676660,
241437502,
15714590,
82621609,
127625305,
227405056,
111248733,
17001333,
247945412,
27848112,
15375603,
21385997,
30242300,
107052908,
1722260880,
169576920,
914932741,
888452552,
316702001,
402603691,
429786003,
243734978,
78558487,
2908164482,
1381371001,
43497270,
2161062962,
14963189,
6774822,
23202299,
60599615,
39458129,
15022668,
112650112,
91863450,
37978478,
48256261,
52066385,s
22839128,
109311660,
246175843,
33459527,
300951048,
360452956,
17438161,
195292171,
141242046,
98363643,
303829601,
217355710,
813835717,
1448931612,
194238966,
2830088552,
2189965023,
52368194,
2532792668,
916051766,
15473958,
2482087844,
2188493424,
436073674,
1089108126,
600007679,
1322311184,
360119124,
72665061,
847091538,
2809924749,
875925534,
15502296,
22972984,
819398390,
511642816,
2334937261,
2897161731,
966573829,
625676901,
2791016909,
2888876091,
1262350262,
28177697,
2590069407,
2913910193,
3240131247,
2917332471,
164350287,
324620334,
3195629868,
6641602,
2193993896,
128921628,
227348649,
488678796,
38150658,
1694055589,
265075350,
296867922,
2295209874,
2445496410,
396792871,
390137928,
516369603,
2432210235,
287299668,
115720342,
3171343596,
3055830837,
3015271772,
3225459669,
3055480571,
3176323493,
3083783440,
772291584,
2732758621,
2446856083,
1015274552,
383205723,
201440095,
3302906703,
2764951510,
2778367309,
745950049,
238223567,
1953928381,
1945427851,
3292889159,
565718534,
2931921232,
119864614,
84312932,
951546708,
22464771,
1145991,
41675415,
6468012,
20903464,
130571357,
113109078,
2978430772,
2353533384,
3005359379,
2811191175,
21579466,
14375609,
1063501592,
102589060,
2149400731,
2902176931,
1976143068,
61011510,
14146569,
34675483,
96407264,
3128548977,
234396039,
3067620683,
2902062601,
3094466366,
404399339,
165744660,
3195418863,
277012264,
84516004,
59166197,
11348282,
34743251,
27814665,
44196397,
113130846,
2208027565,
73336343,
29154992,
50748632,
2964820018,
3208414955,
2554778948,
2916106794,
16186995,
2452989295,
92808495,
1878957564,
45695262,
1217793324,
2879628363,
59107849,
2297580114,
223428464,
97694576,
3127184873,
466302147,
3069864509,
2272809571,
3166990625,
194182957,
2493601549,
430207771,
290971233,
1445869369,
116063765,
2804440756,
2911479561,
3046197202,
93618882,
2296349012,
22653020,
2902155447,
1640032262,
2613288602,
80131615,
1001743758,
1966510776,
24744541,
23131450,
180505807,
2183890814,
106875395,
153053952,
3094104503,
2449439815,
3089855040,
247208650,
2594638385,
3017892527,
38471514,
187554919,
124441715,
2790793695,
1640817758,
923780600,
594872409,
90418235,
607922953,
2166392671,
7909992,
3011994641,
2788111429,
100604079,
54115383,
381545517,
26073581,
2776667342,
111935767,
846222265,
2677718515,
1163191,
2834913741,
369771033,
410038469,
92642132,
1969417021,
132254998,
2818828253,
856939650,
238090137,
1467476928,
47297936,
257020212,
89441070,
467225944,
1405533997,
1086860420,
110411066,
161649650,
741510973,
991062468,
1587968942,
2228912383,
1008523268,
2453089746,
475241371,
470494097,
419857095,
41916663,
951768013,
1286040517,
1443117636,
147435311,
545484840,
289392952,
2564938826,
452882191,
138166382,
1533935611,
1522019311,
280436142,
474872453,
108313973,
15902364,
376738605,
1066346688,
943349743,
14613188,
14677919,
1157553764,
1536618764,
294880792,
29865301,
2771079082,
584043179,
19333709,
95198644,
623975433,
15719595,
551891134,
2501814698,
417886750,
2539158678,
52489349,
479654523,
325716866,
392792965,
47602675,
2266242223,
328602493,
2260339235,
1241724492,
200563270,
252402006,
1457828893,
14597927,
19341180,
2679839114,
2846469023,
497720199,
132513909,
132299590,
6264262,
208611189,
300928232,
71016845,
93444938,
250051748,
174601160,
82844010,
936770720,
2827911894,
2840676570,
862065416,
43837000,
1165564782,
19397578,
520778935,
1201186872,
49413866,
2370777419,
376266303,
141613049,
16285780,
2458230516,
155159930,
49309507,
935771,
162319501,
583814681,
67339136,
533654798,
256040630,
241871100,
121569354,
48587858,
531319136,
466682598,
611767959,
448906989,
11835712,
180785182,
899618954,
1002010903,
85041423,
141553489,
158457831,
1092097388,
2599727292,
262888579,
2613387781,
41561258,
986372340,
404702648,
1890375925,
962004283,
299708134,
34392345,
537113918,
1158213380,
231290882,
2230118935,
9068312,
18067826,
2466339073,
190396744,
1328077424,
67140324,
82567600,
67358777,
7126242,
112243365,
1513660590,
8161232,
2205307848,
10944002,
816653,
163211739,
789917162,
390869336,
241045580,
37228486,
280058345,
2776512782,
62024265,
2775440949,
38501424,
272747987,
333266771,
194082038,
600935619,
357436794,
323924429,
2338013486,
1245926018,
231007898,
2250144396,
1154458195,
2470987105,
147894780,
47934750,
112151079,
45787135,
35026462,
1307331871,
226901327,
22907077,
947326166,
178322650,
146816951,
47207143,
235169117,
508897066,
441982332,
65338869,
478458706,
55762792,
2439057438,
21290877,
780590,
1961006900,
159121618,
8618722,
15102669,
485558814,
166141388,
57441737,
87735527,
4252431,
1091755189,
1510666562,
452814414,
424324825,
111849585,
82696302,
2226808525,
2378775750,
1408617548,
37395296,
